,Team,Squad Value
1,France,Ć1.52bn
2,England,Ć1.36bn
3,Spain,Ć1.22bn
4,Portugal,Ć1.01bn
5,Germany,Ć947.00m
6,Brazil,Ć928.20m
7,Argentina,Ć782.50m
8,Netherlands,Ć754.20m
9,Norway,Ć589.90m
10,Belgium,Ć547.50m
11,Ivory Coast,Ć522.10m
12,Morocco,Ć498.30m
13,Senegal,Ć478.10m
14,Turkiye,Ć473.70m
15,Sweden,Ć406.08m
16,Croatia,Ć387.30m
17,United States,Ć385.65m
18,Ecuador,Ć368.70m
19,Denmark,Ć365.00m
20,Uruguay,Ć359.30m
21,Switzerland,Ć332.50m
22,Italy,Ć315.70m
23,Colombia,Ć302.35m
24,Greece,Ć275.60m
25,Japan,Ć270.85m
26,Georgia,Ć260.00m
27,Algeria,Ć256.90m
28,Ukraine,Ć247.00m
29,Russia,Ć242.70m
30,Austria,Ć242.20m
31,Ghana,Ć234.60m
32,Poland,Ć231.60m
33,Hungary,Ć209.20m
34,Serbia,Ć206.00m
35,Cameroon,Ć198.70m
36,Canada,Ć198.65m
37,Mexico,Ć191.85m
38,Czechia,Ć188.18m
39,Wales,Ć180.65m
40,Nigeria,Ć171.85m
41,Scotland,Ć170.25m
42,Paraguay,Ć153.65m
43,Bosnia-Herzegovina,Ć151.60m
44,Kosovo,Ć147.48m
45,Republic of Ireland,Ć146.85m
46,Democratic Republic of the Congo,Ć143.90m
47,South Korea,Ć139.05m
48,Mali,Ć116.55m
49,Egypt,Ć116.48m
50,Burkina Faso,Ć110.55m
51,Slovenia,Ć100.50m
52,Iceland,Ć89.10m
53,Albania,Ć88.80m
54,Uzbekistan,Ć85.33m
55,Northern Ireland,Ć79.90m
56,Venezuela,Ć79.00m
57,The Gambia,Ć78.78m
58,Australia,Ć77.45m
59,Guinea,Ć74.13m
60,Tunisia,Ć69.95m
61,Montenegro,Ć68.55m
62,Chile,Ć66.80m
63,Israel,Ć62.90m
64,Slovakia,Ć59.85m
65,Romania,Ć56.15m
66,Haiti,Ć55.90m
67,Cape Verde,Ć54.50m
68,South Africa,Ć49.25m
69,Angola,Ć47.35m
70,Armenia,Ć42.43m
71,Finland,Ć41.85m
72,Saudi Arabia,Ć40.68m
73,Guinea-Bissau,Ć39.45m
74,Suriname,Ć35.93m
75,Gabon,Ć34.98m
76,Panama,Ć34.55m
77,New Zealand,Ć34.35m
78,North Macedonia,Ć33.90m
79,Iran,Ć32.05m
80,Bulgaria,Ć30.15m
81,Peru,Ć30.03m
82,United Arab Emirates,Ć29.05m
83,Costa Rica,Ć28.20m
84,Togo,Ć27.80m
85,Curańao,Ć25.78m
86,Mauritania,Ć25.35m
87,Zimbabwe,Ć25.33m
88,Iraq,Ć21.20m
89,Honduras,Ć20.93m
90,Jordan,Ć20.30m
91,Qatar,Ć19.93m
92,Indonesia,Ć19.55m
93,Cyprus,Ć19.20m
94,Azerbaijan,Ć19.08m
95,Benin,Ć18.08m
96,Bolivia,Ć18.05m
97,Kazakhstan,Ć16.30m
98,Belarus,Ć15.38m
99,Malta,Ć14.95m
100,Lithuania,Ć14.73m
101,Luxembourg,Ć14.50m
102,China,Ć14.33m
103,Liberia,Ć14.33m
104,Zambia,Ć14.13m
105,Estonia,Ć13.93m
106,Guadeloupe,Ć13.70m
107,Sierra Leone,Ć13.33m
108,Dominican Republic,Ć12.83m
109,Niger,Ć11.00m
110,Burundi,Ć10.93m
111,Palestine,Ć10.28m
112,Libya,Ć10.13m
113,Moldova,Ć9.70m
114,Jamaica,Ć9.05m
115,Tanzania,Ć9.03m
116,Uganda,Ć8.75m
117,Chad,Ć8.55m
118,Oman,Ć8.33m
119,Latvia,Ć8.23m
120,Central African Republic,Ć8.20m
121,Syria,Ć7.93m
122,Guatemala,Ć7.78m
123,Tajikistan,Ć7.78m
124,Malaysia,Ć7.60m
125,Bangladesh,Ć7.25m
126,El Salvador,Ć7.13m
127,Kyrgyzstan,Ć7.05m
128,Rwanda,Ć7.00m
129,North Korea,Ć6.85m
130,Madagascar,Ć6.83m
131,Thailand,Ć6.55m
132,Vietnam,Ć6.38m
133,Bahrain,Ć6.15m
134,Lebanon,Ć5.55m
135,New Caledonia,Ć5.20m
136,Faroe Islands,Ć5.10m
137,Singapore,Ć4.38m
138,Eritrea,Ć4.35m
139,Kuwait,Ć4.23m
140,Equatorial Guinea,Ć4.20m
141,India,Ć4.00m
142,Comoros,Ć3.80m
143,Nicaragua,Ć3.78m
144,Andorra,Ć3.71m
145,Martinique,Ć3.68m
146,Pakistan,Ć3.54m
147,Hong Kong,Ć3.45m
148,Kenya,Ć3.30m
149,Sudan,Ć3.28m
150,Philippines,Ć3.23m
151,Botswana,Ć3.10m
152,Myanmar,Ć3.00m
153,Turkmenistan,Ć2.95m
154,Ethiopia,Ć2.90m
155,Republic of the Congo,Ć2.63m
156,Cuba,Ć2.60m
157,Cambodia,Ć2.58m
158,Fiji,Ć2.45m
159,Yemen,Ć2.20m
160,Trinidad and Tobago,Ć2.15m
161,Namibia,Ć2.08m
162,Malawi,Ć1.95m
163,Chinese Taipei,Ć1.92m
164,Gibraltar,Ć1.84m
165,Grenada,Ć1.75m
166,South Sudan,Ć1.60m
167,Guyana,Ć1.50m
168,Mozambique,Ć1.48m
169,SŃo Tomķ and PrĒncipe,Ć1.43m
170,Nepal,Ć1.35m
172,San Marino,Ć1.15m
173,Afghanistan,Ć1.08m
174,Eswatini,Ć1.08m
175,Seychelles,Ć1.03m
176,Sri Lanka,Ć910k
177,Bhutan,Ć840k
178,Puerto Rico,Ć825k
179,Brunei Darussalam,Ć800k
180,Mauritius,Ć800k
181,Timor-Leste,Ć785k
182,Somalia,Ć760k
183,Maldives,Ć675k
184,Antigua and Barbuda,Ć650k
185,Liechtenstein,Ć625k
186,Lesotho,Ć575k
187,Djibouti,Ć575k
188,Saint Kitts and Nevis,Ć575k
189,Vanuatu,Ć535k
190,Mongolia,Ć485k
191,Saint Vincent and the Grenadines,Ć475k
192,Solomon Islands,Ć450k
193,Sint Maarten,Ć425k
194,Bonaire,Ć400k
195,Bermuda,Ć375k
196,Montserrat,Ć375k
197,Belize,Ć350k
198,Macau,Ć335k
199,Saint Lucia,Ć250k
200,Guam,Ć240k
201,Samoa,Ć225k
202,Barbados,Ć200k
203,Aruba,Ć175k
204,United States Virgin Islands,Ć125k
205,French Guiana,Ć125k
206,Cook Islands,Ć110k
207,Tahiti,Ć60k
208,Turks and Caicos Islands,Ć50k
209,Tonga,Ć10k
210,Papua New Guinea,-
211,Bahamas,-
212,Dominica,-
213,East Germany,-
214,Czechoslovakia (-1993),-
215,Soviet Union (-1991),-
216,Yugoslavia,-
217,American Samoa,-
218,Anguilla,-
219,British Virgin Islands,-
220,Cayman Islands,-
221,Netherlands Antilles,-
222,Greenland,-
223,Kiribati,-
224,Micronesia,-
225,Monaco,-
226,Rķunion,-
227,Zanzibar,-
228,Tuvalu,-
229,Christmas Island,-
230,Serbia and Montenegro,-
231,Nauru,-
232,Palau,-
233,Zaire,-
234,Dutch East Indies,-
235,Marshall Islands,-
236,Northern Mariana Islands,-
237,Niue,-
238,Saar,-
239,Saint-Martin,-
240,Great Britain,-
241,South Vietnam (-1976),-
242,Rhodesia,-
243,South Yemen,-
244,British India,-
245,Northern Rhodesia,-
246,North Vietnam (-1976),-
248,Rwanda U23,-
